{
  "meta_title": "CasaEstillo cama mesa e banho",
  "meta_description": "Para vestir sua casa com estilo aqui voçê emcontra tudo de Cama Mesa e Banho",
  "sections": [
    {
      "type": "banner-slider",
      "autoplay": 9000,
      "full_width": true,
      "slides": [
        {
          "img": "/img/uploads/novo5.jpg",
          "link": "/headset",
          "alt": "Headset banner",
          "start": "2023-08-28T17:37:49.500Z",
          "end": "",
          "mobile_img": "/img/uploads/casaestillocurvas.png"
        },
        {
          "start": "",
          "end": "",
          "img": "/img/uploads/toalhapraia2.jpg",
          "alt": "Toalhas",
          "mobile_img": "/img/uploads/toalhapraia2.jpg"
        }
      ]
    },
    {
      "type": "info-bar",
      "enabled": false
    },
    {
      "autoplay": 1000,
      "page": 2,
      "title": "DESTAQUES",
      "shuffle": true,
      "headless": true,
      "type": "collection-shelf",
      "limit": 21,
      "collection_id": null,
      "sort": "news"
    }
  ]
}